,par_names
0,X10m_u_component_of_wind
1,X10m_v_component_of_neutral_wind
2,X10m_v_component_of_wind
3,X10m_wind_speed
4,X2m_temperature
5,coefficient_of_drag_with_waves
6,instantaneous_eastward_turbulent_surface_stress
7,instantaneous_northward_turbulent_surface_stress
8,mean_wave_period
9,medium_cloud_cover
10,normalized_stress_into_ocean
11,ocean_surface_stress_equivalent_10m_neutral_wind_speed
12,sea_surface_temperature
13,surface_pressure
14,u_component_stokes_drift
15,v_component_stokes_drift
16,time_month
17,clear_sky_direct_solar_radiation_at_surface
18,eastward_turbulent_surface_stress
19,evaporation
20,instantaneous_10m_wind_gust
21,large_scale_precipitation
22,magnitude_of_turbulent_surface_stress
23,mean_eastward_turbulent_surface_stress
24,mean_evaporation_rate
25,mean_magnitude_of_turbulent_surface_stress
26,mean_northward_turbulent_surface_stress
27,mean_total_precipitation_rate
28,northward_turbulent_surface_stress
29,surface_sensible_heat_flux
30,total_precipitation
31,O2_ml_L
32,O2_umol_kg
33,NO3_UDO
34,PO4_UDO
35,SiO4_UDO
36,NH4_USF
37,NO2_USF
38,NO3_NO2_USF
39,PO4_USF
40,SiO4_USF
41,pH
42,Alkalinity_mol_kg
43,Alkalinity_umol_kg
44,TCO2
45,fCO2
46,pH_corrected
47,TCO2_corrected
48,fCO2_corrected
49,Salinity_bottles
50,Salinity_CTD
51,Temperature
52,Sigma_t
53,TPP
54,PIP
55,POC_ug_kg
56,PON_ug_kg
57,POC_ug_L
58,PN_ug_L
59,C_N_particulate
60,DON
61,DOP
62,DOC
63,TOC
64,PrimaryProductivity
65,Chlorophyll
66,Phaeopigments
67,Total_Prokaryotes
68,Bact_Biomass_mgC_m3
69,Bact_Biomass_uMC
70,NO3_USF
71,NO3_merged
72,PO4_merged
73,SiO4_merged
74,temp_5
75,temp_15
76,temp_25
77,temp_75
78,Isopycnal_21
79,MLD_potemp
80,SR_COCCOLITHOPHORIDS
81,SR_CYANOBACTERIA
82,SR_DIATOMS
83,SR_DINOFLAGELLATES
84,SR_OTHERS
85,species_richness
86,counts_int_COCCOLITHOPHORIDS
87,counts_int_DIATOMS
88,counts_int_DINOFLAGELLATES
89,counts_int_CYANOBACTERIA
90,counts_int_OTHERS
91,counts_int_NANOFLAGELLATES
92,Mesh200
93,Mesh500
94,total_biomass
